{"name": "俄罗斯", "test_rate_seq": [0.008223, 0.008908, 0.009593, 0.010402, 0.011056, 0.011773, 0.012553, 0.013294, 0.01407, 0.014682, 0.015418, 0.016457, 0.017474, 0.018649], "death_rate_seq": [0.007920792079207921, 0.010309278350515464, 0.009039347749025168, 0.010886172650878533, 0.008797653958944282, 0.010258163788681825, 0.011062688568555145], "confirmed_rate_seq": [0.0002966056089489026, 0.0003261464284713145, 0.0003651973431258243, 0.00040143814233373166, 0.00043448122396447074, 0.00047496488220875074, 0.0005162583520472487], "newly_confirmed_daily_growth_seq": [1.7721866422689843, 0.6684910086004692, 1.0338860850757028, 0.5454545454545454, 0.3845707656612529, 0.43710073710073716, 0.24681295715778484], "newly_death_daily_growth_seq": [1.0, 1.4444444444444446, 1.3181818181818183, 1.0357142857142856, 0.23529411764705888, 0.46341463414634143, 0.6499999999999999]}