{"name": "意大利", "test_rate_seq": [0.016708, 0.017315, 0.017758, 0.018481, 0.01949, 0.020577, 0.021598, 0.022436, 0.023122, 0.023985, 0.025028, 0.026131, 0.027164, 0.028245], "death_rate_seq": [0.14210699048244174, 0.20124113475177305, 0.1956760718211799, 0.12967359050445104, 0.17535903250188964, 0.13902681231380337, 0.17607127704709377], "confirmed_rate_seq": [0.0029620454617674164, 0.0029993830037390503, 0.0030445488512747727, 0.0031003234596277897, 0.0031441156298657965, 0.0031941141734368544, 0.0032331232986261903], "newly_confirmed_daily_growth_seq": [-0.2553763440860215, -0.28449096098953375, -0.08176312247644679, 0.2635920509936258, -0.3011093502377179, -0.13512739765244774, -0.32483529074763673], "newly_death_daily_growth_seq": [0.004640371229698292, -0.19787985865724378, -0.1129568106312292, -0.24394463667820065, -0.11619047619047618, -0.26956521739130435, -0.1390041493775933]}