{"name": "法国", "test_rate_seq": [0.005114, 0.005114, 0.005114, 0.005114, 0.005114, 0.007103, 0.007103, 0.007103, 0.007103, 0.007103, 0.007103, 0.007103, 0.007103, 0.007103], "death_rate_seq": [0.371939736346516, 0.2247329498767461, 0.1632339379034737, 0.225445503522586, 0.23046002679767755, 0.2364741641337386, 0.22228915662650603], "confirmed_rate_seq": [0.002207381098141489, 0.0022437218735052262, 0.0022922907076293993, 0.0023283179430249206, 0.0023617472758266493, 0.0023863079066702595, 0.002411092494634025], "newly_confirmed_daily_growth_seq": [-0.5674134419551935, -0.33587994542974076, -0.4537363560033585, -0.28841049837805954, -0.6858866442199776, -0.29820819112627983, -0.5471903982542281], "newly_death_daily_growth_seq": [-0.29590017825311943, -0.04703832752613235, -0.3031496062992126, -0.6216968011126565, -0.31474103585657376, -0.48883048620236536, -0.4252336448598131]}