{"name": "美国", "test_rate_seq": [0.008531, 0.008866, 0.009248, 0.009779, 0.010263, 0.010694, 0.011204, 0.01164, 0.012064, 0.012612, 0.013013, 0.013564, 0.015044, 0.015887], "death_rate_seq": [0.06179095446982302, 0.0681453768038482, 0.10524961399897066, 0.07917525773195876, 0.07122698993008787, 0.05204858863941853, 0.06075625958099131], "confirmed_rate_seq": [0.002334022567946363, 0.0024142031684279224, 0.002497469286405298, 0.0025865452379214226, 0.0026819942523604538, 0.0028049680419208935, 0.0029247767272247123], "newly_confirmed_daily_growth_seq": [-0.0519145274630719, -0.01655716162943499, 0.01644122262910086, -0.05451946195334334, 0.12493235686713078, 0.30770482731681903, 0.08115573725208547], "newly_death_daily_growth_seq": [0.09664429530201346, 0.16742969260954865, 0.2075073808519612, -0.09219858156028371, -0.5035762181493071, -0.5219478737997256, 0.48439450686641705]}