{"name": "英国", "test_rate_seq": [0.0052, 0.005416, 0.005637, 0.005876, 0.006152, 0.006467, 0.006783, 0.007101, 0.007386, 0.007886, 0.008248, 0.008595, 0.009016, 0.009439], "death_rate_seq": [0.10188034188034188, 0.09602224123182207, 0.1925133689839572, 0.17142215232532015, 0.13921012437268165, 0.14259190493873003, 0.16547934052513738], "confirmed_rate_seq": [0.0018065961259544489, 0.001876953871920976, 0.0019416691553688016, 0.002008641423824108, 0.0020775998390859967, 0.0021586406474212653, 0.0022325644296996116], "newly_confirmed_daily_growth_seq": [0.10627836611195152, 0.07692307692307687, -0.1810738766184311, -0.03302194221160115, -0.007364089235434301, -0.038042507590641206, -0.11076923076923073], "newly_death_daily_growth_seq": [-0.19131614654002715, -0.3737796373779637, 0.06426735218509005, 0.0026281208935610145, -0.2590011614401858, -0.09327036599763872, -0.08445945945945943]}