{"name": "西班牙", "test_rate_seq": [0.007593, 0.012833, 0.012833, 0.013918, 0.019896, 0.019896, 0.019896, 0.019896, 0.019896, 0.019896, 0.019896, 0.019896, 0.019896, 0.019896], "death_rate_seq": [0.0590097869890616, 0.259765625, 0.10836693548387097, 0.10330087865115174, 0.09492988133764833, 0.05445103857566765, 0.09461827284105132], "confirmed_rate_seq": [0.004245484815757746, 0.004278307755231477, 0.004363100348871947, 0.004453085634108847, 0.004552131418262974, 0.004696159160484941, 0.0047815287198583484], "newly_confirmed_daily_growth_seq": [1.241290322580645, -0.5612682090831191, 0.36216958462066606, -0.17479913776210076, -0.36541621029572835, 1.1430842607313196, 0.09964216900633094], "newly_death_daily_growth_seq": [-0.19132149901380668, -0.22524271844660193, 0.004672897196261738, -0.3328220858895705, -0.2751235584843492, 0.23154362416107377, -0.1209302325581395]}